customer_id,first_name,last_name,state
1,Sai,Singh,Karnataka
2,Vivaan,Joshi,Karnataka
3,Priya,Gupta,Delhi
4,Rahul,Reddy,Tamil Nadu
5,Reyansh,Reddy,Maharashtra
6,Aman,Verma,Maharashtra
7,Sai,Kumar,Karnataka
8,Neha,Patel,Karnataka
9,Rahul,Reddy,Gujarat
10,Diya,Yadav,Karnataka
11,Vihaan,Verma,Maharashtra
12,Aman,Singh,Uttar Pradesh
13,Arjun,Patel,Tamil Nadu
14,Pooja,Singh,Tamil Nadu
15,Vivaan,Singh,Delhi
16,Diya,Yadav,Maharashtra
17,Vihaan,Patel,Maharashtra
18,Rahul,Singh,Maharashtra
19,Aditya,Yadav,Uttar Pradesh
20,Rahul,Patel,Karnataka
21,Riya,Sharma,Tamil Nadu
22,Priya,Reddy,Gujarat
23,Ananya,Joshi,Uttar Pradesh
24,Vivaan,Reddy,Uttar Pradesh
25,Aditya,Kumar,Uttar Pradesh
26,Neha,Reddy,Maharashtra
27,Arjun,Gupta,Karnataka
28,Reyansh,Singh,Maharashtra
29,Vivaan,Joshi,Karnataka
30,Ananya,Gupta,Maharashtra
31,Arjun,Yadav,Maharashtra
32,Ananya,Mehta,Karnataka
33,Aman,Patel,Tamil Nadu
34,Rahul,Gupta,Maharashtra
35,Aarav,Sharma,Karnataka
36,Aditya,Verma,Gujarat
37,Arjun,Sharma,Delhi
38,Vivaan,Singh,Uttar Pradesh
39,Reyansh,Yadav,Maharashtra
40,Vivaan,Joshi,Tamil Nadu
41,Priya,Yadav,Tamil Nadu
42,Pooja,Kumar,Karnataka
43,Aditya,Verma,Karnataka
44,Pooja,Kumar,Karnataka
45,Reyansh,Kumar,Karnataka
46,Ananya,Verma,Maharashtra
47,Diya,Yadav,Tamil Nadu
48,Vivaan,Sharma,Tamil Nadu
49,Sai,Mehta,Karnataka
50,Diya,Verma,Uttar Pradesh
51,Aman,Patel,Gujarat
52,Aman,Sharma,Delhi
53,Vihaan,Verma,Maharashtra
54,Diya,Yadav,Tamil Nadu
55,Riya,Gupta,Maharashtra
56,Reyansh,Patel,Uttar Pradesh
57,Arjun,Gupta,Maharashtra
58,Aman,Mehta,Maharashtra
59,Riya,Joshi,Delhi
60,Rahul,Yadav,Tamil Nadu
61,Arjun,Gupta,Gujarat
62,Neha,Patel,Karnataka
63,Ananya,Mehta,Tamil Nadu
64,Aarav,Joshi,Tamil Nadu
65,Vihaan,Yadav,Uttar Pradesh
66,Aman,Gupta,Delhi
67,Rahul,Singh,Gujarat
68,Aarav,Mehta,Delhi
69,Diya,Reddy,Uttar Pradesh
70,Priya,Verma,Karnataka
71,Aditya,Joshi,Tamil Nadu
72,Sai,Sharma,Delhi
73,Aarav,Patel,Gujarat
74,Ananya,Kumar,Tamil Nadu
75,Pooja,Patel,Tamil Nadu
76,Aman,Gupta,Tamil Nadu
77,Priya,Singh,Delhi
78,Neha,Reddy,Uttar Pradesh
79,Aarav,Mehta,Maharashtra
80,Aarav,Joshi,Karnataka
81,Ananya,Mehta,Gujarat
82,Aditya,Kumar,Uttar Pradesh
83,Arjun,Patel,Karnataka
84,Pooja,Verma,Karnataka
85,Riya,Kumar,Uttar Pradesh
86,Ananya,Mehta,Delhi
87,Pooja,Verma,Maharashtra
88,Diya,Mehta,Karnataka
89,Reyansh,Verma,Uttar Pradesh
90,Ananya,Patel,Karnataka
91,Aarav,Kumar,Maharashtra
92,Arjun,Sharma,Tamil Nadu
93,Aarav,Yadav,Gujarat
94,Sai,Verma,Tamil Nadu
95,Arjun,Yadav,Gujarat
96,Aditya,Sharma,Gujarat
97,Sai,Sharma,Delhi
98,Aarav,Gupta,Tamil Nadu
99,Aarav,Patel,Tamil Nadu
100,Sai,Verma,Gujarat
101,Rahul,Mehta,Delhi
102,Aditya,Sharma,Uttar Pradesh
103,Pooja,Mehta,Delhi
104,Priya,Sharma,Delhi
105,Sai,Gupta,Uttar Pradesh
106,Riya,Mehta,Tamil Nadu
107,Diya,Singh,Uttar Pradesh
108,Rahul,Sharma,Karnataka
109,Vihaan,Joshi,Maharashtra
110,Aditya,Patel,Delhi
111,Aarav,Singh,Karnataka
112,Aditya,Yadav,Maharashtra
113,Priya,Kumar,Karnataka
114,Aman,Yadav,Delhi
115,Riya,Reddy,Tamil Nadu
116,Aarav,Patel,Tamil Nadu
117,Sai,Joshi,Maharashtra
118,Sai,Patel,Maharashtra
119,Vihaan,Joshi,Maharashtra
120,Neha,Patel,Delhi
121,Rahul,Singh,Delhi
122,Priya,Gupta,Gujarat
123,Aman,Verma,Uttar Pradesh
124,Aarav,Joshi,Tamil Nadu
125,Rahul,Singh,Gujarat
126,Arjun,Reddy,Gujarat
127,Aarav,Gupta,Uttar Pradesh
128,Reyansh,Verma,Karnataka
129,Reyansh,Singh,Karnataka
130,Rahul,Gupta,Maharashtra
131,Sai,Sharma,Karnataka
132,Aarav,Yadav,Gujarat
133,Diya,Mehta,Karnataka
134,Aman,Mehta,Delhi
135,Rahul,Kumar,Maharashtra
136,Reyansh,Mehta,Karnataka
137,Sai,Joshi,Tamil Nadu
138,Rahul,Singh,Maharashtra
139,Arjun,Mehta,Tamil Nadu
140,Vivaan,Reddy,Karnataka
141,Diya,Patel,Uttar Pradesh
142,Aman,Sharma,Maharashtra
143,Reyansh,Singh,Maharashtra
144,Neha,Singh,Gujarat
145,Neha,Mehta,Gujarat
146,Aman,Verma,Karnataka
147,Arjun,Singh,Tamil Nadu
148,Pooja,Reddy,Karnataka
149,Riya,Verma,Delhi
150,Neha,Kumar,Maharashtra
151,Pooja,Joshi,Maharashtra
152,Aarav,Reddy,Tamil Nadu
153,Vivaan,Mehta,Delhi
154,Aditya,Joshi,Uttar Pradesh
155,Diya,Yadav,Karnataka
156,Aditya,Reddy,Karnataka
157,Riya,Kumar,Delhi
158,Aarav,Mehta,Delhi
159,Aman,Reddy,Uttar Pradesh
160,Vihaan,Gupta,Tamil Nadu
161,Reyansh,Yadav,Uttar Pradesh
162,Arjun,Yadav,Karnataka
163,Aditya,Sharma,Maharashtra
164,Neha,Reddy,Gujarat
165,Aman,Singh,Tamil Nadu
166,Aman,Sharma,Maharashtra
167,Vihaan,Yadav,Gujarat
168,Aditya,Patel,Uttar Pradesh
169,Rahul,Joshi,Karnataka
170,Aarav,Sharma,Uttar Pradesh
171,Vivaan,Kumar,Uttar Pradesh
172,Aditya,Sharma,Tamil Nadu
173,Arjun,Singh,Karnataka
174,Priya,Gupta,Tamil Nadu
175,Pooja,Singh,Delhi
176,Vihaan,Verma,Tamil Nadu
177,Riya,Verma,Tamil Nadu
178,Vivaan,Kumar,Uttar Pradesh
179,Vivaan,Mehta,Uttar Pradesh
180,Reyansh,Joshi,Uttar Pradesh
181,Aman,Mehta,Delhi
182,Sai,Reddy,Gujarat
183,Vivaan,Sharma,Uttar Pradesh
184,Ananya,Kumar,Karnataka
185,Riya,Kumar,Karnataka
186,Vihaan,Singh,Delhi
187,Arjun,Singh,Tamil Nadu
188,Vivaan,Gupta,Uttar Pradesh
189,Arjun,Yadav,Maharashtra
190,Aditya,Sharma,Tamil Nadu
191,Arjun,Mehta,Maharashtra
192,Arjun,Joshi,Tamil Nadu
193,Vivaan,Reddy,Gujarat
194,Riya,Singh,Maharashtra
195,Aditya,Sharma,Karnataka
196,Aarav,Sharma,Karnataka
197,Priya,Singh,Delhi
198,Riya,Gupta,Delhi
199,Riya,Sharma,Maharashtra
200,Diya,Gupta,Delhi
201,Arjun,Yadav,Uttar Pradesh
202,Sai,Reddy,Uttar Pradesh
203,Pooja,Kumar,Maharashtra
204,Diya,Singh,Maharashtra
205,Neha,Reddy,Maharashtra
206,Aarav,Kumar,Uttar Pradesh
207,Riya,Reddy,Delhi
208,Vihaan,Kumar,Maharashtra
209,Aman,Sharma,Delhi
210,Riya,Verma,Delhi
211,Vivaan,Kumar,Tamil Nadu
212,Sai,Verma,Karnataka
213,Diya,Kumar,Tamil Nadu
214,Riya,Kumar,Tamil Nadu
215,Priya,Sharma,Gujarat
216,Aarav,Kumar,Maharashtra
217,Priya,Sharma,Delhi
218,Diya,Verma,Delhi
219,Aarav,Sharma,Uttar Pradesh
220,Aditya,Joshi,Tamil Nadu
221,Vihaan,Kumar,Gujarat
222,Reyansh,Singh,Gujarat
223,Ananya,Reddy,Tamil Nadu
224,Vivaan,Verma,Tamil Nadu
225,Pooja,Joshi,Maharashtra
226,Neha,Verma,Uttar Pradesh
227,Sai,Joshi,Maharashtra
228,Vihaan,Verma,Delhi
229,Neha,Kumar,Gujarat
230,Reyansh,Patel,Tamil Nadu
231,Vivaan,Kumar,Delhi
232,Ananya,Mehta,Tamil Nadu
233,Riya,Reddy,Uttar Pradesh
234,Ananya,Kumar,Delhi
235,Sai,Yadav,Karnataka
236,Reyansh,Reddy,Karnataka
237,Ananya,Patel,Maharashtra
238,Diya,Gupta,Tamil Nadu
239,Aman,Joshi,Delhi
240,Ananya,Yadav,Delhi
241,Sai,Verma,Uttar Pradesh
242,Aditya,Kumar,Tamil Nadu
243,Ananya,Gupta,Delhi
244,Diya,Patel,Delhi
245,Priya,Singh,Delhi
246,Aman,Sharma,Karnataka
247,Reyansh,Gupta,Maharashtra
248,Diya,Joshi,Uttar Pradesh
249,Riya,Sharma,Karnataka
250,Riya,Joshi,Karnataka
251,Riya,Verma,Maharashtra
252,Diya,Mehta,Delhi
253,Diya,Verma,Delhi
254,Vihaan,Patel,Gujarat
255,Reyansh,Yadav,Gujarat
256,Vivaan,Gupta,Tamil Nadu
257,Aarav,Singh,Tamil Nadu
258,Arjun,Joshi,Delhi
259,Aditya,Gupta,Maharashtra
260,Reyansh,Yadav,Uttar Pradesh
261,Aarav,Sharma,Gujarat
262,Ananya,Patel,Maharashtra
263,Diya,Singh,Delhi
264,Reyansh,Patel,Uttar Pradesh
265,Arjun,Joshi,Gujarat
266,Priya,Verma,Uttar Pradesh
267,Neha,Sharma,Uttar Pradesh
268,Diya,Gupta,Maharashtra
269,Vivaan,Mehta,Uttar Pradesh
270,Diya,Reddy,Tamil Nadu
271,Aman,Verma,Tamil Nadu
272,Sai,Joshi,Gujarat
273,Vivaan,Sharma,Karnataka
274,Riya,Yadav,Maharashtra
275,Rahul,Joshi,Delhi
276,Sai,Singh,Tamil Nadu
277,Vihaan,Verma,Uttar Pradesh
278,Rahul,Reddy,Gujarat
279,Vivaan,Reddy,Delhi
280,Aditya,Gupta,Tamil Nadu
281,Riya,Patel,Delhi
282,Rahul,Kumar,Tamil Nadu
283,Priya,Sharma,Karnataka
284,Aditya,Singh,Gujarat
285,Rahul,Reddy,Maharashtra
286,Reyansh,Kumar,Maharashtra
287,Aarav,Gupta,Delhi
288,Aditya,Joshi,Karnataka
289,Riya,Reddy,Gujarat
290,Rahul,Gupta,Uttar Pradesh
291,Aditya,Kumar,Karnataka
292,Sai,Kumar,Maharashtra
293,Sai,Reddy,Gujarat
294,Aditya,Verma,Delhi
295,Riya,Sharma,Maharashtra
296,Arjun,Kumar,Karnataka
297,Pooja,Sharma,Karnataka
298,Aarav,Gupta,Tamil Nadu
299,Ananya,Verma,Tamil Nadu
300,Aarav,Joshi,Gujarat
301,Priya,Singh,Karnataka
302,Pooja,Joshi,Gujarat
303,Diya,Sharma,Maharashtra
304,Pooja,Joshi,Karnataka
305,Arjun,Singh,Tamil Nadu
306,Aarav,Joshi,Maharashtra
307,Arjun,Verma,Delhi
308,Rahul,Joshi,Tamil Nadu
309,Sai,Yadav,Karnataka
310,Aman,Mehta,Delhi
311,Aditya,Yadav,Delhi
312,Priya,Gupta,Delhi
313,Aman,Joshi,Tamil Nadu
314,Rahul,Reddy,Uttar Pradesh
315,Aarav,Yadav,Gujarat
316,Riya,Mehta,Karnataka
317,Aditya,Singh,Gujarat
318,Aarav,Joshi,Maharashtra
319,Vivaan,Yadav,Gujarat
320,Aarav,Joshi,Maharashtra
321,Sai,Joshi,Tamil Nadu
322,Arjun,Mehta,Uttar Pradesh
323,Aditya,Joshi,Maharashtra
324,Vivaan,Gupta,Karnataka
325,Diya,Mehta,Karnataka
326,Ananya,Joshi,Tamil Nadu
327,Ananya,Singh,Gujarat
328,Aarav,Sharma,Tamil Nadu
329,Vihaan,Gupta,Maharashtra
330,Neha,Verma,Tamil Nadu
331,Aman,Sharma,Delhi
332,Rahul,Joshi,Karnataka
333,Arjun,Sharma,Delhi
334,Diya,Patel,Karnataka
335,Rahul,Kumar,Uttar Pradesh
336,Aarav,Sharma,Maharashtra
337,Riya,Reddy,Karnataka
338,Aman,Kumar,Uttar Pradesh
339,Aarav,Verma,Delhi
340,Ananya,Patel,Gujarat
341,Ananya,Kumar,Gujarat
342,Aarav,Reddy,Karnataka
343,Riya,Yadav,Tamil Nadu
344,Arjun,Mehta,Delhi
345,Vihaan,Verma,Gujarat
346,Aarav,Gupta,Karnataka
347,Pooja,Joshi,Maharashtra
348,Reyansh,Mehta,Tamil Nadu
349,Neha,Reddy,Gujarat
350,Arjun,Gupta,Delhi
351,Reyansh,Mehta,Tamil Nadu
352,Riya,Sharma,Karnataka
353,Sai,Sharma,Maharashtra
354,Aarav,Yadav,Delhi
355,Vihaan,Reddy,Maharashtra
356,Vihaan,Kumar,Karnataka
357,Neha,Verma,Uttar Pradesh
358,Vihaan,Singh,Gujarat
359,Diya,Kumar,Karnataka
360,Priya,Singh,Delhi
361,Sai,Joshi,Karnataka
362,Ananya,Yadav,Uttar Pradesh
363,Diya,Kumar,Delhi
364,Diya,Gupta,Maharashtra
365,Reyansh,Singh,Uttar Pradesh
366,Ananya,Reddy,Delhi
367,Arjun,Kumar,Karnataka
368,Sai,Kumar,Maharashtra
369,Pooja,Patel,Tamil Nadu
370,Aditya,Yadav,Uttar Pradesh
371,Diya,Kumar,Delhi
372,Arjun,Patel,Tamil Nadu
373,Aditya,Yadav,Delhi
374,Rahul,Verma,Uttar Pradesh
375,Arjun,Joshi,Tamil Nadu
376,Sai,Verma,Karnataka
377,Aman,Sharma,Delhi
378,Riya,Kumar,Tamil Nadu
379,Pooja,Reddy,Karnataka
380,Reyansh,Verma,Maharashtra
381,Riya,Mehta,Maharashtra
382,Priya,Kumar,Uttar Pradesh
383,Arjun,Yadav,Tamil Nadu
384,Rahul,Singh,Uttar Pradesh
385,Arjun,Singh,Karnataka
386,Priya,Sharma,Maharashtra
387,Vivaan,Patel,Gujarat
388,Vivaan,Yadav,Gujarat
389,Vihaan,Verma,Karnataka
390,Ananya,Singh,Gujarat
391,Diya,Verma,Karnataka
392,Aman,Mehta,Uttar Pradesh
393,Neha,Joshi,Tamil Nadu
394,Diya,Joshi,Gujarat
395,Ananya,Yadav,Delhi
396,Neha,Verma,Maharashtra
397,Pooja,Singh,Uttar Pradesh
398,Diya,Verma,Gujarat
399,Aman,Verma,Tamil Nadu
400,Priya,Mehta,Delhi
401,Arjun,Sharma,Maharashtra
402,Aman,Verma,Tamil Nadu
403,Ananya,Verma,Uttar Pradesh
404,Aman,Kumar,Delhi
405,Vihaan,Mehta,Maharashtra
406,Aman,Kumar,Karnataka
407,Vivaan,Verma,Tamil Nadu
408,Aman,Singh,Karnataka
409,Aman,Kumar,Karnataka
410,Neha,Singh,Maharashtra
411,Sai,Yadav,Uttar Pradesh
412,Ananya,Joshi,Tamil Nadu
413,Vihaan,Verma,Karnataka
414,Arjun,Patel,Delhi
415,Diya,Reddy,Delhi
416,Aarav,Singh,Uttar Pradesh
417,Aarav,Sharma,Gujarat
418,Sai,Verma,Tamil Nadu
419,Aarav,Patel,Maharashtra
420,Aarav,Kumar,Gujarat
421,Neha,Mehta,Karnataka
422,Vivaan,Gupta,Karnataka
423,Arjun,Singh,Gujarat
424,Aarav,Singh,Tamil Nadu
425,Reyansh,Singh,Karnataka
426,Sai,Mehta,Uttar Pradesh
427,Riya,Gupta,Uttar Pradesh
428,Ananya,Verma,Tamil Nadu
429,Riya,Yadav,Tamil Nadu
430,Reyansh,Singh,Delhi
431,Aman,Verma,Karnataka
432,Sai,Singh,Uttar Pradesh
433,Sai,Mehta,Gujarat
434,Reyansh,Mehta,Gujarat
435,Ananya,Kumar,Delhi
436,Rahul,Gupta,Maharashtra
437,Pooja,Kumar,Gujarat
438,Arjun,Gupta,Tamil Nadu
439,Rahul,Kumar,Gujarat
440,Reyansh,Singh,Delhi
441,Reyansh,Mehta,Delhi
442,Priya,Sharma,Karnataka
443,Vivaan,Patel,Tamil Nadu
444,Reyansh,Joshi,Tamil Nadu
445,Vihaan,Sharma,Maharashtra
446,Pooja,Reddy,Gujarat
447,Vihaan,Reddy,Delhi
448,Neha,Reddy,Delhi
449,Pooja,Verma,Karnataka
450,Priya,Joshi,Gujarat
451,Rahul,Verma,Maharashtra
452,Diya,Kumar,Maharashtra
453,Aditya,Mehta,Maharashtra
454,Diya,Yadav,Tamil Nadu
455,Rahul,Verma,Gujarat
456,Aarav,Yadav,Maharashtra
457,Priya,Yadav,Karnataka
458,Vihaan,Verma,Uttar Pradesh
459,Riya,Reddy,Uttar Pradesh
460,Vivaan,Kumar,Uttar Pradesh
461,Vivaan,Singh,Delhi
462,Vivaan,Singh,Gujarat
463,Priya,Sharma,Tamil Nadu
464,Aditya,Gupta,Maharashtra
465,Arjun,Kumar,Tamil Nadu
466,Rahul,Patel,Gujarat
467,Ananya,Sharma,Gujarat
468,Rahul,Sharma,Delhi
469,Arjun,Mehta,Gujarat
470,Riya,Patel,Delhi
471,Riya,Joshi,Uttar Pradesh
472,Ananya,Joshi,Uttar Pradesh
473,Aditya,Reddy,Karnataka
474,Vihaan,Singh,Uttar Pradesh
475,Diya,Mehta,Uttar Pradesh
476,Vihaan,Verma,Uttar Pradesh
477,Ananya,Singh,Karnataka
478,Rahul,Patel,Maharashtra
479,Aarav,Yadav,Delhi
480,Neha,Yadav,Karnataka
481,Aditya,Patel,Uttar Pradesh
482,Pooja,Mehta,Maharashtra
483,Pooja,Patel,Uttar Pradesh
484,Reyansh,Singh,Tamil Nadu
485,Riya,Patel,Gujarat
486,Priya,Yadav,Uttar Pradesh
487,Pooja,Mehta,Karnataka
488,Diya,Yadav,Gujarat
489,Vivaan,Patel,Maharashtra
490,Priya,Patel,Gujarat
491,Priya,Sharma,Gujarat
492,Riya,Gupta,Tamil Nadu
493,Sai,Gupta,Uttar Pradesh
494,Ananya,Sharma,Tamil Nadu
495,Rahul,Joshi,Karnataka
496,Neha,Joshi,Uttar Pradesh
497,Sai,Yadav,Gujarat
498,Arjun,Verma,Tamil Nadu
499,Aman,Joshi,Maharashtra
500,Rahul,Patel,Delhi
501,Pooja,Gupta,Delhi
502,Riya,Singh,Karnataka
503,Reyansh,Mehta,Delhi
504,Pooja,Gupta,Karnataka
505,Reyansh,Gupta,Maharashtra
506,Rahul,Joshi,Karnataka
507,Aditya,Patel,Maharashtra
508,Vivaan,Yadav,Karnataka
509,Priya,Gupta,Gujarat
510,Arjun,Kumar,Gujarat
511,Diya,Gupta,Karnataka
512,Reyansh,Mehta,Gujarat
513,Rahul,Verma,Delhi
514,Aditya,Yadav,Maharashtra
515,Reyansh,Reddy,Tamil Nadu
516,Vihaan,Sharma,Gujarat
517,Arjun,Yadav,Karnataka
518,Aman,Sharma,Gujarat
519,Priya,Mehta,Karnataka
520,Aarav,Reddy,Tamil Nadu
521,Neha,Yadav,Delhi
522,Aman,Kumar,Tamil Nadu
523,Aditya,Joshi,Karnataka
524,Rahul,Joshi,Maharashtra
525,Vivaan,Sharma,Gujarat
526,Aarav,Mehta,Maharashtra
527,Priya,Patel,Uttar Pradesh
528,Reyansh,Patel,Delhi
529,Arjun,Sharma,Gujarat
530,Aarav,Singh,Maharashtra
531,Aman,Patel,Tamil Nadu
532,Rahul,Yadav,Tamil Nadu
533,Vivaan,Patel,Delhi
534,Aarav,Mehta,Gujarat
535,Neha,Gupta,Tamil Nadu
536,Aarav,Kumar,Delhi
537,Ananya,Sharma,Maharashtra
538,Sai,Singh,Tamil Nadu
539,Ananya,Kumar,Karnataka
540,Aditya,Mehta,Gujarat
541,Neha,Sharma,Maharashtra
542,Priya,Reddy,Delhi
543,Sai,Gupta,Gujarat
544,Sai,Kumar,Delhi
545,Sai,Yadav,Tamil Nadu
546,Riya,Patel,Tamil Nadu
547,Sai,Kumar,Karnataka
548,Reyansh,Gupta,Maharashtra
549,Pooja,Joshi,Tamil Nadu
550,Neha,Verma,Tamil Nadu
551,Priya,Yadav,Delhi
552,Vihaan,Yadav,Karnataka
553,Aditya,Joshi,Karnataka
554,Priya,Yadav,Delhi
555,Pooja,Mehta,Delhi
556,Vihaan,Verma,Uttar Pradesh
557,Priya,Sharma,Delhi
558,Vihaan,Yadav,Gujarat
559,Ananya,Yadav,Delhi
560,Riya,Verma,Tamil Nadu
561,Priya,Kumar,Gujarat
562,Aarav,Joshi,Tamil Nadu
563,Pooja,Kumar,Uttar Pradesh
564,Reyansh,Singh,Maharashtra
565,Aman,Gupta,Delhi
566,Aman,Joshi,Delhi
567,Vivaan,Gupta,Uttar Pradesh
568,Diya,Patel,Uttar Pradesh
569,Diya,Verma,Delhi
570,Priya,Kumar,Gujarat
571,Diya,Yadav,Maharashtra
572,Arjun,Mehta,Tamil Nadu
573,Sai,Kumar,Karnataka
574,Reyansh,Kumar,Maharashtra
575,Sai,Singh,Gujarat
576,Rahul,Gupta,Uttar Pradesh
577,Aman,Sharma,Delhi
578,Riya,Verma,Maharashtra
579,Vihaan,Patel,Uttar Pradesh
580,Reyansh,Patel,Karnataka
581,Sai,Verma,Karnataka
582,Ananya,Patel,Karnataka
583,Diya,Gupta,Karnataka
584,Arjun,Joshi,Tamil Nadu
585,Sai,Reddy,Delhi
586,Reyansh,Verma,Karnataka
587,Reyansh,Singh,Delhi
588,Priya,Kumar,Karnataka
589,Reyansh,Joshi,Delhi
590,Aman,Verma,Uttar Pradesh
591,Sai,Yadav,Karnataka
592,Aarav,Verma,Karnataka
593,Vivaan,Patel,Uttar Pradesh
594,Vivaan,Singh,Tamil Nadu
595,Rahul,Kumar,Gujarat
596,Arjun,Joshi,Gujarat
597,Aditya,Gupta,Maharashtra
598,Sai,Verma,Tamil Nadu
599,Vihaan,Reddy,Maharashtra
600,Aman,Gupta,Maharashtra
601,Aditya,Gupta,Tamil Nadu
602,Riya,Kumar,Gujarat
603,Pooja,Kumar,Tamil Nadu
604,Aarav,Joshi,Maharashtra
605,Aman,Singh,Gujarat
606,Pooja,Mehta,Uttar Pradesh
607,Riya,Verma,Uttar Pradesh
608,Arjun,Mehta,Tamil Nadu
609,Neha,Kumar,Tamil Nadu
610,Vivaan,Singh,Maharashtra
611,Aditya,Singh,Karnataka
612,Reyansh,Joshi,Maharashtra
613,Pooja,Yadav,Uttar Pradesh
614,Priya,Mehta,Tamil Nadu
615,Sai,Mehta,Maharashtra
616,Pooja,Yadav,Karnataka
617,Diya,Verma,Maharashtra
618,Aman,Kumar,Tamil Nadu
619,Sai,Gupta,Gujarat
620,Ananya,Kumar,Delhi
621,Pooja,Reddy,Delhi
622,Ananya,Verma,Delhi
623,Arjun,Sharma,Maharashtra
624,Ananya,Kumar,Karnataka
625,Aarav,Sharma,Maharashtra
626,Reyansh,Reddy,Delhi
627,Aman,Gupta,Uttar Pradesh
628,Priya,Yadav,Karnataka
629,Vihaan,Sharma,Tamil Nadu
630,Aman,Singh,Tamil Nadu
631,Sai,Singh,Maharashtra
632,Priya,Patel,Delhi
633,Aarav,Yadav,Tamil Nadu
634,Arjun,Kumar,Karnataka
635,Aarav,Verma,Tamil Nadu
636,Aarav,Reddy,Uttar Pradesh
637,Ananya,Patel,Maharashtra
638,Ananya,Yadav,Tamil Nadu
639,Pooja,Kumar,Maharashtra
640,Vihaan,Mehta,Karnataka
641,Neha,Patel,Uttar Pradesh
642,Priya,Singh,Gujarat
643,Diya,Verma,Uttar Pradesh
644,Pooja,Sharma,Gujarat
645,Pooja,Kumar,Maharashtra
646,Arjun,Joshi,Uttar Pradesh
647,Riya,Gupta,Tamil Nadu
648,Ananya,Verma,Maharashtra
649,Ananya,Verma,Delhi
650,Aman,Singh,Maharashtra
651,Aman,Verma,Uttar Pradesh
652,Priya,Gupta,Gujarat
653,Diya,Sharma,Tamil Nadu
654,Sai,Sharma,Delhi
655,Aman,Verma,Uttar Pradesh
656,Sai,Kumar,Gujarat
657,Riya,Joshi,Uttar Pradesh
658,Pooja,Singh,Gujarat
659,Arjun,Sharma,Karnataka
660,Vivaan,Patel,Maharashtra
661,Rahul,Sharma,Maharashtra
662,Aditya,Kumar,Tamil Nadu
663,Aman,Sharma,Gujarat
664,Vivaan,Reddy,Tamil Nadu
665,Pooja,Joshi,Gujarat
666,Aditya,Patel,Uttar Pradesh
667,Riya,Sharma,Uttar Pradesh
668,Priya,Patel,Maharashtra
669,Pooja,Gupta,Karnataka
670,Sai,Sharma,Maharashtra
671,Riya,Joshi,Karnataka
672,Neha,Verma,Tamil Nadu
673,Reyansh,Reddy,Delhi
674,Aditya,Mehta,Karnataka
675,Ananya,Patel,Delhi
676,Aarav,Patel,Tamil Nadu
677,Vivaan,Reddy,Delhi
678,Aditya,Kumar,Gujarat
679,Aarav,Verma,Karnataka
680,Diya,Yadav,Karnataka
681,Aditya,Verma,Maharashtra
682,Pooja,Mehta,Gujarat
683,Arjun,Sharma,Maharashtra
684,Aman,Kumar,Tamil Nadu
685,Pooja,Singh,Tamil Nadu
686,Arjun,Mehta,Delhi
687,Aman,Kumar,Maharashtra
688,Vivaan,Reddy,Delhi
689,Aman,Verma,Karnataka
690,Priya,Mehta,Delhi
691,Aman,Verma,Gujarat
692,Vivaan,Verma,Maharashtra
693,Aman,Mehta,Tamil Nadu
694,Aarav,Sharma,Gujarat
695,Diya,Mehta,Delhi
696,Rahul,Patel,Uttar Pradesh
697,Aditya,Gupta,Gujarat
698,Aarav,Gupta,Gujarat
699,Diya,Mehta,Delhi
700,Vihaan,Singh,Delhi
701,Rahul,Gupta,Maharashtra
702,Vihaan,Singh,Uttar Pradesh
703,Aman,Mehta,Maharashtra
704,Rahul,Yadav,Tamil Nadu
705,Priya,Singh,Maharashtra
706,Aditya,Joshi,Gujarat
707,Reyansh,Verma,Gujarat
708,Arjun,Singh,Karnataka
709,Neha,Yadav,Gujarat
710,Pooja,Patel,Maharashtra
711,Neha,Patel,Maharashtra
712,Vihaan,Sharma,Gujarat
713,Sai,Mehta,Gujarat
714,Vivaan,Verma,Tamil Nadu
715,Diya,Joshi,Uttar Pradesh
716,Aman,Gupta,Uttar Pradesh
717,Priya,Mehta,Uttar Pradesh
718,Vivaan,Verma,Gujarat
719,Aman,Kumar,Uttar Pradesh
720,Ananya,Singh,Gujarat
721,Arjun,Kumar,Delhi
722,Rahul,Singh,Tamil Nadu
723,Aditya,Patel,Maharashtra
724,Sai,Kumar,Delhi
725,Riya,Gupta,Tamil Nadu
726,Rahul,Verma,Delhi
727,Reyansh,Yadav,Uttar Pradesh
728,Priya,Reddy,Tamil Nadu
729,Rahul,Gupta,Tamil Nadu
730,Aarav,Patel,Uttar Pradesh
731,Ananya,Yadav,Karnataka
732,Priya,Verma,Maharashtra
733,Arjun,Gupta,Karnataka
734,Vivaan,Singh,Maharashtra
735,Ananya,Reddy,Tamil Nadu
736,Vihaan,Kumar,Karnataka
737,Reyansh,Kumar,Delhi
738,Ananya,Sharma,Delhi
739,Aarav,Mehta,Tamil Nadu
740,Riya,Kumar,Gujarat
741,Pooja,Singh,Gujarat
742,Priya,Joshi,Maharashtra
743,Neha,Kumar,Karnataka
744,Aditya,Reddy,Maharashtra
745,Diya,Sharma,Karnataka
746,Aarav,Yadav,Karnataka
747,Aditya,Singh,Karnataka
748,Riya,Patel,Uttar Pradesh
749,Arjun,Verma,Karnataka
750,Aman,Mehta,Maharashtra
751,Arjun,Kumar,Delhi
752,Sai,Singh,Gujarat
753,Vihaan,Kumar,Karnataka
754,Aman,Kumar,Delhi
755,Diya,Sharma,Tamil Nadu
756,Neha,Singh,Delhi
757,Aarav,Gupta,Gujarat
758,Riya,Reddy,Tamil Nadu
759,Vivaan,Patel,Delhi
760,Aditya,Joshi,Delhi
761,Diya,Patel,Uttar Pradesh
762,Vihaan,Gupta,Tamil Nadu
763,Pooja,Gupta,Karnataka
764,Aarav,Singh,Karnataka
765,Aman,Singh,Gujarat
766,Aditya,Joshi,Gujarat
767,Aman,Sharma,Delhi
768,Sai,Kumar,Karnataka
769,Priya,Mehta,Karnataka
770,Sai,Mehta,Maharashtra
771,Vihaan,Sharma,Gujarat
772,Vivaan,Gupta,Uttar Pradesh
773,Pooja,Kumar,Karnataka
774,Aarav,Joshi,Maharashtra
775,Vihaan,Joshi,Delhi
776,Vihaan,Yadav,Delhi
777,Rahul,Patel,Tamil Nadu
778,Reyansh,Patel,Maharashtra
779,Rahul,Yadav,Tamil Nadu
780,Vihaan,Gupta,Karnataka
781,Ananya,Patel,Uttar Pradesh
782,Aditya,Kumar,Karnataka
783,Aarav,Sharma,Maharashtra
784,Priya,Mehta,Maharashtra
785,Rahul,Patel,Karnataka
786,Sai,Sharma,Karnataka
787,Sai,Gupta,Delhi
788,Priya,Verma,Maharashtra
789,Sai,Sharma,Uttar Pradesh
790,Ananya,Joshi,Delhi
791,Aditya,Sharma,Tamil Nadu
792,Aditya,Mehta,Delhi
793,Reyansh,Patel,Delhi
794,Neha,Verma,Karnataka
795,Priya,Reddy,Karnataka
796,Rahul,Joshi,Gujarat
797,Sai,Sharma,Delhi
798,Sai,Singh,Gujarat
799,Diya,Joshi,Uttar Pradesh
800,Riya,Sharma,Delhi
801,Diya,Joshi,Karnataka
802,Ananya,Sharma,Uttar Pradesh
803,Aarav,Reddy,Maharashtra
804,Ananya,Yadav,Karnataka
805,Vihaan,Verma,Gujarat
806,Ananya,Singh,Uttar Pradesh
807,Arjun,Gupta,Karnataka
808,Sai,Patel,Maharashtra
809,Aman,Kumar,Maharashtra
810,Ananya,Mehta,Gujarat
811,Pooja,Joshi,Gujarat
812,Vivaan,Mehta,Uttar Pradesh
813,Aarav,Sharma,Tamil Nadu
814,Reyansh,Sharma,Tamil Nadu
815,Vivaan,Patel,Maharashtra
816,Aarav,Kumar,Tamil Nadu
817,Riya,Singh,Uttar Pradesh
818,Aditya,Yadav,Gujarat
819,Vihaan,Yadav,Karnataka
820,Priya,Mehta,Karnataka
821,Neha,Patel,Tamil Nadu
822,Neha,Kumar,Tamil Nadu
823,Riya,Gupta,Maharashtra
824,Vivaan,Yadav,Maharashtra
825,Pooja,Kumar,Tamil Nadu
826,Aarav,Yadav,Gujarat
827,Aditya,Singh,Maharashtra
828,Aman,Mehta,Delhi
829,Ananya,Sharma,Uttar Pradesh
830,Arjun,Singh,Delhi
831,Reyansh,Sharma,Uttar Pradesh
832,Reyansh,Patel,Delhi
833,Riya,Verma,Maharashtra
834,Aarav,Joshi,Karnataka
835,Vihaan,Yadav,Gujarat
836,Diya,Joshi,Uttar Pradesh
837,Reyansh,Gupta,Karnataka
838,Pooja,Joshi,Delhi
839,Ananya,Gupta,Uttar Pradesh
840,Neha,Sharma,Maharashtra
841,Diya,Reddy,Maharashtra
842,Reyansh,Verma,Gujarat
843,Vihaan,Gupta,Delhi
844,Priya,Reddy,Karnataka
845,Neha,Verma,Karnataka
846,Diya,Kumar,Tamil Nadu
847,Sai,Sharma,Maharashtra
848,Aman,Mehta,Gujarat
849,Diya,Mehta,Maharashtra
850,Reyansh,Patel,Karnataka
851,Diya,Gupta,Maharashtra
852,Aman,Joshi,Uttar Pradesh
853,Priya,Joshi,Karnataka
854,Sai,Singh,Uttar Pradesh
855,Diya,Joshi,Uttar Pradesh
856,Vivaan,Mehta,Maharashtra
857,Aman,Gupta,Gujarat
858,Reyansh,Gupta,Gujarat
859,Aditya,Kumar,Karnataka
860,Reyansh,Reddy,Karnataka
861,Priya,Verma,Uttar Pradesh
862,Reyansh,Gupta,Karnataka
863,Aman,Patel,Gujarat
864,Aarav,Singh,Gujarat
865,Riya,Sharma,Karnataka
866,Priya,Verma,Uttar Pradesh
867,Riya,Kumar,Uttar Pradesh
868,Arjun,Verma,Maharashtra
869,Aditya,Reddy,Karnataka
870,Reyansh,Reddy,Maharashtra
871,Reyansh,Sharma,Delhi
872,Ananya,Gupta,Maharashtra
873,Vivaan,Kumar,Uttar Pradesh
874,Aman,Reddy,Maharashtra
875,Diya,Reddy,Gujarat
876,Arjun,Gupta,Gujarat
877,Pooja,Joshi,Delhi
878,Neha,Patel,Maharashtra
879,Vihaan,Kumar,Karnataka
880,Reyansh,Sharma,Delhi
881,Arjun,Singh,Maharashtra
882,Neha,Patel,Delhi
883,Priya,Singh,Uttar Pradesh
884,Aarav,Verma,Gujarat
885,Rahul,Sharma,Maharashtra
886,Sai,Kumar,Delhi
887,Aman,Joshi,Maharashtra
888,Riya,Sharma,Karnataka
889,Aman,Joshi,Karnataka
890,Ananya,Mehta,Uttar Pradesh
891,Priya,Reddy,Karnataka
892,Priya,Sharma,Maharashtra
893,Riya,Reddy,Delhi
894,Reyansh,Joshi,Maharashtra
895,Aarav,Yadav,Tamil Nadu
896,Rahul,Mehta,Uttar Pradesh
897,Reyansh,Sharma,Gujarat
898,Arjun,Joshi,Karnataka
